{"$schema":"http://schema.management.azure.com/schemas/2015-01-01/deploymentTemplate.json#","contentVersion":"1.0.0.0","parameters":{"factoryName":{"type":"string","metadata":"Data Factory name"},"HttpgitstartedDiabetes":{"type":"string"},"AzureDataLakeStorageCDC":{"type":"string"}},"variables":{"factoryId":"[concat('Microsoft.DataFactory/factories/', parameters('factoryName'))]"},"resources":[{"name":"[concat(parameters('factoryName'), '/DiabetesCopyAndTransformDataToDelta')]","type":"Microsoft.DataFactory/factories/pipelines","apiVersion":"2018-06-01","properties":{"activities":[{"name":"CopyDiabetesHTTTP","type":"Copy","dependsOn":[],"policy":{"timeout":"0.12:00:00","retry":0,"retryIntervalInSeconds":30,"secureOutput":false,"secureInput":false},"userProperties":[{"name":"Destination","value":"bronze/diabetes/diabetes.csv"}],"typeProperties":{"source":{"type":"DelimitedTextSource","storeSettings":{"type":"HttpReadSettings","requestMethod":"GET"},"formatSettings":{"type":"DelimitedTextReadSettings","skipLineCount":0}},"sink":{"type":"DelimitedTextSink","storeSettings":{"type":"AzureBlobFSWriteSettings"},"formatSettings":{"type":"DelimitedTextWriteSettings","quoteAllText":true,"fileExtension":".csv"}},"enableStaging":false,"translator":{"type":"TabularTranslator","typeConversion":true,"typeConversionSettings":{"allowDataTruncation":true,"treatBooleanAsNumber":false}}},"inputs":[{"referenceName":"diabetesTabDelimited","type":"DatasetReference","parameters":{}}],"outputs":[{"referenceName":"bronzeDiabetesTabDelimited","type":"DatasetReference","parameters":{}}]},{"name":"Transform and Delta","type":"ExecuteDataFlow","dependsOn":[{"activity":"CopyDiabetesHTTTP","dependencyConditions":["Succeeded"]},{"activity":"CopyAgebandHTTP","dependencyConditions":["Succeeded"]}],"policy":{"timeout":"0.12:00:00","retry":0,"retryIntervalInSeconds":30,"secureOutput":false,"secureInput":false},"userProperties":[],"typeProperties":{"dataflow":{"referenceName":"LoadDelta","type":"DataFlowReference","parameters":{},"datasetParameters":{"DiabetesCSV":{},"AgebandCSV":{},"sinkDelta":{}}},"staging":{},"compute":{"coreCount":8,"computeType":"General"},"traceLevel":"Fine"}},{"name":"CopyAgebandHTTP","type":"Copy","dependsOn":[],"policy":{"timeout":"0.12:00:00","retry":0,"retryIntervalInSeconds":30,"secureOutput":false,"secureInput":false},"userProperties":[],"typeProperties":{"source":{"type":"DelimitedTextSource","storeSettings":{"type":"HttpReadSettings","requestMethod":"GET"},"formatSettings":{"type":"DelimitedTextReadSettings"}},"sink":{"type":"DelimitedTextSink","storeSettings":{"type":"AzureBlobFSWriteSettings"},"formatSettings":{"type":"DelimitedTextWriteSettings","quoteAllText":true,"fileExtension":".csv"}},"enableStaging":false,"translator":{"type":"TabularTranslator","typeConversion":true,"typeConversionSettings":{"allowDataTruncation":true,"treatBooleanAsNumber":false}}},"inputs":[{"referenceName":"httpAgeBandCommaDelimited","type":"DatasetReference","parameters":{}}],"outputs":[{"referenceName":"bronzeAgebandCommaDelimited","type":"DatasetReference","parameters":{}}]}],"policy":{"elapsedTimeMetric":{},"cancelAfter":{}},"annotations":[],"lastPublishTime":"2023-03-25T00:12:29Z"},"dependsOn":["[concat(variables('factoryId'), '/datasets/diabetesTabDelimited')]","[concat(variables('factoryId'), '/datasets/bronzeDiabetesTabDelimited')]","[concat(variables('factoryId'), '/dataflows/LoadDelta')]","[concat(variables('factoryId'), '/datasets/httpAgeBandCommaDelimited')]","[concat(variables('factoryId'), '/datasets/bronzeAgebandCommaDelimited')]"]},{"name":"[concat(parameters('factoryName'), '/diabetesTabDelimited')]","type":"Microsoft.DataFactory/factories/datasets","apiVersion":"2018-06-01","properties":{"linkedServiceName":{"referenceName":"[parameters('HttpgitstartedDiabetes')]","type":"LinkedServiceReference"},"annotations":[],"type":"DelimitedText","typeProperties":{"location":{"type":"HttpServerLocation","relativeUrl":"diabetes.tab.txt"},"columnDelimiter":"\t","escapeChar":"\\","firstRowAsHeader":true,"quoteChar":"\""},"schema":[]},"dependsOn":[]},{"name":"[concat(parameters('factoryName'), '/bronzeDiabetesTabDelimited')]","type":"Microsoft.DataFactory/factories/datasets","apiVersion":"2018-06-01","properties":{"linkedServiceName":{"referenceName":"[parameters('AzureDataLakeStorageCDC')]","type":"LinkedServiceReference"},"annotations":[],"type":"DelimitedText","typeProperties":{"location":{"type":"AzureBlobFSLocation","folderPath":"diabetes","fileSystem":"bronze"},"columnDelimiter":",","escapeChar":"\\","firstRowAsHeader":true,"quoteChar":"\""},"schema":[{"type":"String"},{"type":"String"},{"type":"String"},{"type":"String"},{"type":"String"},{"type":"String"},{"type":"String"},{"type":"String"},{"type":"String"},{"type":"String"},{"type":"String"}]},"dependsOn":[]},{"name":"[concat(parameters('factoryName'), '/LoadDelta')]","type":"Microsoft.DataFactory/factories/dataflows","apiVersion":"2018-06-01","properties":{"type":"MappingDataFlow","typeProperties":{"sources":[{"dataset":{"referenceName":"DiabetesCSV","type":"DatasetReference"},"name":"DiabetesCSV"},{"dataset":{"referenceName":"bronzeAgebandCommaDelimited","type":"DatasetReference"},"name":"AgebandCSV"}],"sinks":[{"linkedService":{"referenceName":"[parameters('AzureDataLakeStorageCDC')]","type":"LinkedServiceReference"},"name":"sinkDelta"}],"transformations":[{"name":"LabelGender"},{"name":"join1"},{"name":"select1"}],"scriptLines":["source(output(","          AGE as short,","          SEX as short,","          BMI as double,","          BP as double,","          S1 as short,","          S2 as double,","          S3 as double,","          S4 as double,","          S5 as double,","          S6 as short,","          Y as short","     ),","     allowSchemaDrift: true,","     validateSchema: false,","     ignoreNoFilesFound: false) ~> DiabetesCSV","source(output(","          age as short,","          ageband as string","     ),","     allowSchemaDrift: true,","     validateSchema: false,","     ignoreNoFilesFound: false) ~> AgebandCSV","DiabetesCSV derive(Gender = iif(SEX==1, \"Male\", \"Female\")) ~> LabelGender","LabelGender, AgebandCSV join(DiabetesCSV@AGE == AgebandCSV@age,","     joinType:'inner',","     matchType:'exact',","     ignoreSpaces: false,","     broadcast: 'auto')~> join1","join1 select(mapColumn(","          AGE = DiabetesCSV@AGE,","          SEX,","          BMI,","          BP,","          S1,","          S2,","          S3,","          S4,","          S5,","          S6,","          Y,","          Gender,","          ageband","     ),","     skipDuplicateMapInputs: true,","     skipDuplicateMapOutputs: true) ~> select1","select1 sink(allowSchemaDrift: true,","     validateSchema: false,","     format: 'delta',","     fileSystem: 'silver',","     folderPath: 'diabetes/adfdelta',","     truncate:true,","     mergeSchema: false,","     autoCompact: false,","     optimizedWrite: false,","     vacuum: 0,","     deletable:false,","     insertable:true,","     updateable:false,","     upsertable:false,","     umask: 0022,","     preCommands: [],","     postCommands: [],","     skipDuplicateMapInputs: true,","     skipDuplicateMapOutputs: true,","     saveOrder: 1) ~> sinkDelta"]}},"dependsOn":["[concat(variables('factoryId'), '/datasets/DiabetesCSV')]","[concat(variables('factoryId'), '/datasets/bronzeAgebandCommaDelimited')]"]},{"name":"[concat(parameters('factoryName'), '/httpAgeBandCommaDelimited')]","type":"Microsoft.DataFactory/factories/datasets","apiVersion":"2018-06-01","properties":{"linkedServiceName":{"referenceName":"[parameters('HttpgitstartedDiabetes')]","type":"LinkedServiceReference"},"annotations":[],"type":"DelimitedText","typeProperties":{"location":{"type":"HttpServerLocation","relativeUrl":"ageband.csv"},"columnDelimiter":",","escapeChar":"\\","firstRowAsHeader":true,"quoteChar":"\""},"schema":[]},"dependsOn":[]},{"name":"[concat(parameters('factoryName'), '/bronzeAgebandCommaDelimited')]","type":"Microsoft.DataFactory/factories/datasets","apiVersion":"2018-06-01","properties":{"linkedServiceName":{"referenceName":"[parameters('AzureDataLakeStorageCDC')]","type":"LinkedServiceReference"},"annotations":[],"type":"DelimitedText","typeProperties":{"location":{"type":"AzureBlobFSLocation","fileName":"ageband.csv","folderPath":"diabetes","fileSystem":"bronze"},"columnDelimiter":",","escapeChar":"\\","firstRowAsHeader":true,"quoteChar":"\""},"schema":[{"name":"AGE","type":"String"},{"name":"SEX","type":"String"},{"name":"BMI","type":"String"},{"name":"BP","type":"String"},{"name":"S1","type":"String"},{"name":"S2","type":"String"},{"name":"S3","type":"String"},{"name":"S4","type":"String"},{"name":"S5","type":"String"},{"name":"S6","type":"String"},{"name":"Y","type":"String"}]},"dependsOn":[]},{"name":"[concat(parameters('factoryName'), '/DiabetesCSV')]","type":"Microsoft.DataFactory/factories/datasets","apiVersion":"2018-06-01","properties":{"linkedServiceName":{"referenceName":"[parameters('AzureDataLakeStorageCDC')]","type":"LinkedServiceReference"},"annotations":[],"type":"DelimitedText","typeProperties":{"location":{"type":"AzureBlobFSLocation","fileName":"diabetes.tab.csv","folderPath":"diabetes","fileSystem":"bronze"},"columnDelimiter":",","escapeChar":"\\","firstRowAsHeader":true,"quoteChar":"\""},"schema":[{"name":"AGE","type":"String"},{"name":"SEX","type":"String"},{"name":"BMI","type":"String"},{"name":"BP","type":"String"},{"name":"S1","type":"String"},{"name":"S2","type":"String"},{"name":"S3","type":"String"},{"name":"S4","type":"String"},{"name":"S5","type":"String"},{"name":"S6","type":"String"},{"name":"Y","type":"String"}]},"dependsOn":[]}]}